{"options":{"check_for_updates":false,"comment":null,"compatopts_for_requires":true,"compat_wrappedjsobject":false,"compat_metadata":false,"compat_foreach":false,"compat_arrayleft":false,"compat_uW_gmonkey":false,"compat_forvarin":false,"noframes":null,"awareOfChrome":false,"run_at":null,"override":{"merge_connects":true,"merge_excludes":true,"merge_includes":true,"merge_matches":true,"orig_connects":[],"orig_excludes":[],"orig_includes":["https://www.Instagram.com/*","https://Instagram.com/*"],"orig_matches":["https://www.instagram.com/","https://instagram.com/"],"orig_noframes":null,"orig_run_at":"document-start","use_blockers":[],"use_connects":[],"use_excludes":[],"use_includes":[],"use_matches":[]}},"settings":{"enabled":true,"position":19},"meta":{"name":"Instagram mobile on Desktop Fix","uuid":"bd052115-e809-44c1-9a3b-1dd6c10976a2","modified":1615294665233,"file_url":"https://greasyfork.org/scripts/422946-instagram-mobile-on-desktop-fix/code/Instagram%20mobile%20on%20Desktop%20Fix.user.js"}}